Name,Price
The Psychology of Money,313.00
My First Library: Boxset of 10 Board Books for Kids,399.00
Atomic Habits,460.00
"Too Good to Be True : A smart, funny will-they-won’t-they romance",288.00
Dopamine Detox : A Short Guide to Remove Distractions and Get Your Brain to Do Hard Things,199.00
Amma Diarylo Konni Pageelu,220.00
Own Your Body,322.00
"Educart CBSE Class 10 Most Likely Sets of Sample Papers - Science, Maths Standard, Social Science & English (with Answer Writing Sheets 2024-25)",494.00
Animals Tales From Panchtantra: Timeless Stories for Children From Ancient India,199.00
White Nights,124.00
Rich Dad Poor Dad: What the Rich Teach Their Kids About Money That the Poor and Middle Class Do Not!,192.00
Don't Believe Everything You Think (English),185.00
Ikigai: Japanese secret to long and happy life,317.00
The Power of Your Subconscious Mind: Original Edition | Premium Paperback,149.00
World’s Greatest Books For Personal Growth & Wealth (Set of 4 Books) : Perfect Motivational Gift Set,349.00
The Mountain Is You: Transforming Self-Sabotage Into Self-Mastery (English),261.00
The Power of Your Subconscious Mind: Original Classic Edition | Premium Paperback,149.00
Educart Abhyaas 20 NEET UG Mock Papers 2025 - Full Syllabus & Unitwise (Introducing Ch-wise NEET Theory Maps Book),"1,182.00"
"PW CBSE | Class 10 | 15 New Pattern Sample Paper Science, Maths (Std), English & Social Science Combo Set of 4 Books for 2025 Board Exam | 50% Competency Based Questions",888.00
The Satvic Revolution: 7 Life-Changing Habits to Discover Peak Health and Joy,310.00
Strictly Personal: Gursharan and Manmohan,499.00
Coloring Books Box Set: Pack of 12 Copy Color Books For Children,369.00
My First Book of Patterns Pencil Control: Patterns Practice book for kids (Pattern Writing),129.00
"Oswaal CBSE 25 Combined Sample Question papers Class 10 Books Science, Mathematics Standard, Social Science, English Language and Literature, Hindi-A (For 2025 Exam)",419.00
"Educart CBSE Sample Paper Class 10 2024-25 - Science, Mathematics (Standard), Social Science & English Combo Set of 4 Books (with exclusive CBSE Mock Booklets) for 2025 Exam","1,445.00"
"Courage To Be Disliked, The: How to free yourself, change your life and achieve real happiness",346.00
Oswaal CBSE Sample Question Papers Class 10 Science Book (For 2025 Exam),305.00
Educart CBSE Science Class 10 Sample Papers 2024-25 (With exclusive CBSE Mock Booklets for 2025 Exam),359.00
Shrimad Bhagwat Geeta Yatharoop (Hindi),234.00
"Moral Story Books for Kids (Illustrated) - English Short Stories with Colourful Pictures - Bedtime Children Story Book - 3 Years to 6 Years Old Children - Read Aloud to Infants, Toddlers (Set of 10 Books)",226.00
